Age,Number of Flowers,Number of Leaves,Number of Roots,Number of Stems
Mature,4,10,10,3
Younger,4,8,3,3
Younger,2,7,4,3
Baby,1,1,0,0
Adult,9,9,14,4
Mature,1,10,1,5
Adult,24,14,15,6
Younger,2,7,3,1
Child,3,4,4,0
Baby,0,3,2,1
Baby,1,3,0,1
Younger,0,5,5,2
Mature,11,6,5,3
Younger,3,8,4,2
Adult,7,8,6,6
Baby,0,1,2,1
Adult,30,12,15,6
Mature,2,8,2,6
Baby,2,2,2,1
Mature,14,8,0,3
Adult,14,8,7,5
Child,1,3,3,2
Mature,8,11,0,3
Baby,0,3,0,1
Child,2,6,2,1
Younger,4,8,0,1
Mature,20,8,9,6
Mature,13,8,1,5
Baby,2,3,2,1
Mature,7,8,1,5
Child,0,5,4,0
Younger,1,8,4,1
Baby,2,1,2,1
Adult,19,10,13,4
Younger,5,8,6,1
Mature,18,6,3,4
Baby,1,1,0,0
Younger,4,6,5,2
Child,2,4,2,2
Mature,10,12,10,6
Adult,5,14,2,6
Adult,5,12,10,5
Child,1,4,3,2
Mature,3,8,7,5
Younger,4,5,1,1
Younger,5,6,6,1
Younger,2,8,6,2
Child,0,4,2,0
Mature,10,11,1,5
Younger,4,7,5,3
Child,0,4,4,2
Child,2,4,3,2
Baby,1,1,1,1
Adult,21,13,11,6
Younger,3,7,0,3
Mature,4,7,7,6
Adult,5,11,3,6
Baby,2,3,2,1
Baby,0,1,0,0
Younger,2,6,4,2
Younger,0,6,4,3
Younger,1,8,0,3
Mature,17,12,10,4
Mature,14,6,5,4
Child,0,4,3,1
Baby,2,1,0,1
Baby,0,2,2,0
Adult,29,10,5,6
Child,0,5,3,1
Child,0,3,4,2
Younger,3,7,2,2
Baby,0,3,1,1
Younger,5,7,6,3
Baby,2,3,1,1
Adult,3,15,4,6
Child,3,4,3,0
Adult,22,12,14,5
Adult,21,11,2,6
Adult,19,13,4,4
Child,2,6,4,1
Baby,1,2,2,0
Child,3,6,2,2
Child,2,6,4,2
Mature,8,10,7,4
Mature,7,8,7,5
Younger,3,6,0,1
Adult,7,11,7,4
Child,0,5,2,2
Baby,2,2,0,0
Younger,0,5,0,2
Younger,4,5,2,1
Baby,1,2,1,0
Child,1,4,4,1
Baby,0,3,1,0
Child,1,6,4,1
Adult,6,14,8,6
Mature,1,12,8,3
Child,3,4,2,0
Baby,0,3,2,1
Adult,7,9,4,5
Baby,2,2,1,0
Child,3,3,2,2
Baby,2,2,1,0
Baby,2,2,1,0
Mature,13,8,3,4
Adult,17,9,9,4
Baby,1,2,2,0
Baby,1,2,0,1
Younger,0,7,4,3
Mature,4,9,6,6
Child,2,4,4,2
Younger,4,5,1,2
Younger,5,6,1,3
Younger,4,6,0,1
Younger,4,7,2,2
Mature,8,6,4,4
Baby,1,3,2,0
Mature,10,8,7,4
Child,0,4,3,2
Adult,7,11,13,6
Child,3,4,3,1
Mature,7,12,1,5
Mature,7,8,9,5
Baby,1,3,0,1
Mature,16,10,1,6
Adult,24,8,2,5
Mature,5,7,9,6
Younger,0,6,5,2
Child,1,5,2,2
Child,1,3,4,1
Adult,30,11,10,5
Baby,2,3,0,1
Mature,1,10,4,4
Child,1,5,3,1
Mature,19,11,2,3
Mature,6,8,9,6
Younger,3,8,2,1
Adult,17,10,2,6
Adult,26,12,12,4
Mature,18,7,5,3
Baby,1,3,1,1
Baby,1,3,0,1
Mature,0,6,3,3
Baby,1,2,0,0
Child,1,3,4,2
Younger,0,7,2,3
Mature,2,10,4,5
Younger,0,5,0,1
Younger,0,7,0,1
Adult,10,11,9,4
Baby,1,2,2,0
Child,0,3,2,0
Child,1,4,4,2
Baby,2,2,2,1
Younger,2,5,2,3
Mature,0,7,6,3
Baby,0,1,2,1
Child,0,4,3,0
Adult,18,15,2,5
Child,3,5,4,0
Adult,25,12,9,5
Younger,0,6,5,3
Child,3,3,3,0
Baby,0,3,0,1
Younger,4,8,3,1
Adult,24,12,7,5
Mature,17,9,9,4
Younger,0,8,2,2
Baby,2,3,2,1
Adult,22,15,8,5
Mature,7,9,4,5
Younger,3,8,4,1
Adult,11,12,14,5
Baby,1,2,1,0
Younger,0,5,2,3
Mature,7,12,2,5
Mature,2,9,0,4
Mature,1,7,8,4
Child,1,3,3,2
Baby,0,1,2,1
Child,3,4,3,1
Child,0,6,2,2
Adult,18,14,7,4
Adult,3,12,14,4
Baby,1,3,0,0
Mature,20,9,1,3
Child,2,6,2,0
Mature,9,6,7,4
Mature,12,7,0,6
Younger,0,7,2,1
Mature,11,8,2,3
Adult,0,14,2,4
Baby,2,3,2,0
Child,1,5,4,0
Adult,22,10,4,6
Child,1,4,2,2
Child,2,3,4,0
Younger,2,6,4,1
Adult,26,12,15,6
Mature,9,6,1,4
Mature,14,10,2,6
Child,2,3,4,0
Adult,2,14,12,6
Mature,10,8,8,3
Baby,1,2,2,0
Younger,3,8,4,3
Child,1,4,3,2
Baby,1,3,1,0
Child,0,5,2,0
Younger,2,8,6,3
Mature,13,11,10,6
Younger,0,8,5,2
Child,3,6,4,1
Adult,4,10,6,6
Mature,2,8,0,5
Baby,1,1,1,0
Baby,2,3,1,1
Child,3,5,4,0
Adult,11,13,14,6
Baby,1,1,0,1
Baby,0,1,2,0
Baby,0,1,1,0
Mature,10,12,8,6
Mature,13,6,7,6
Mature,15,6,4,5
Child,3,3,2,1
Baby,1,2,1,1
Mature,7,10,10,5
Mature,17,6,8,5
Adult,6,10,2,4
Adult,1,9,11,5
Mature,13,6,0,5
Adult,11,13,13,5
Child,3,5,2,0
Baby,0,1,1,1
Mature,9,12,3,4
Baby,2,3,0,0
Child,1,4,2,0
Mature,2,7,4,5
Mature,12,6,8,5
Mature,8,6,6,6
Child,0,4,4,1
Baby,0,3,2,1
Younger,4,7,4,3
Child,2,4,2,2
Child,1,4,3,1
Younger,0,7,0,2
Baby,0,3,1,1
Adult,1,15,2,5
Child,1,4,2,0
Child,3,3,4,0
Baby,0,2,1,1
Child,1,5,2,1
Younger,1,5,2,3
Adult,17,14,11,4
Child,2,6,3,2
Child,1,4,3,2
Child,3,3,2,0
Child,0,4,3,2
Child,1,3,2,0
Mature,9,9,9,3
Younger,4,7,0,1
Baby,2,2,1,0
Baby,0,1,1,0
Adult,25,15,3,5
Mature,16,12,0,4
Younger,4,5,4,1
Mature,4,7,9,4
Mature,10,10,9,5
Mature,13,7,7,6
Child,1,3,4,2
Mature,19,8,1,6
Mature,13,10,4,3
Adult,3,14,5,4
Baby,0,2,1,0
Child,3,4,3,1
Baby,0,1,0,0
Adult,24,11,4,5
Child,2,6,3,0
Baby,1,2,2,0
Adult,17,14,14,6
Baby,2,1,2,0
Mature,18,12,9,5
Adult,20,15,2,4
Baby,2,3,2,0
Mature,10,11,1,3
Adult,10,12,4,4
Baby,0,2,1,0
Younger,0,5,1,1
Younger,0,8,6,2
Younger,5,6,2,1
Mature,20,10,9,6
Younger,0,8,2,3
Younger,1,7,4,3
Mature,5,11,7,4
Child,2,6,4,1
Child,1,4,2,2
Mature,0,8,0,6
Adult,16,12,10,6
Baby,2,2,1,1
Baby,1,2,1,0
Adult,3,11,14,4
Baby,0,1,2,0
Younger,1,8,5,3
Younger,1,7,4,1
Younger,1,7,5,3
Younger,3,7,0,3
Adult,29,10,8,4
Adult,26,10,9,5
Younger,3,6,1,2
Adult,15,12,5,6
Adult,7,10,15,6
Younger,4,6,1,2
Child,0,5,4,1
Younger,3,8,6,2
Mature,11,8,1,5
Adult,3,11,7,5
Baby,0,1,2,0
Baby,1,2,2,1
Younger,1,7,4,3
Adult,7,13,6,6
Baby,0,3,0,1
Younger,5,8,4,3
Baby,2,1,2,0
Child,2,6,4,1
Baby,0,3,1,0
Baby,2,3,0,1
Adult,8,11,13,6
Baby,0,1,0,0
Child,2,3,4,0
Adult,6,13,12,5
Baby,0,1,1,0
Baby,1,1,1,0
Adult,1,13,13,5
Child,3,4,2,2
Adult,10,10,7,4
Baby,2,2,0,0
Mature,11,12,9,5
Younger,3,5,5,2
Baby,2,3,0,1
Younger,4,5,0,2
Child,1,5,3,0
Adult,30,10,14,4
Baby,2,1,2,1
Baby,0,2,1,1
Adult,17,10,10,5
Child,1,6,3,1
Mature,1,6,7,5
Younger,5,8,3,3
Mature,19,12,10,3
Mature,10,11,1,5
Adult,17,11,3,6
Younger,4,6,1,2
Mature,8,9,5,6
Baby,1,3,2,0
Baby,2,1,0,1
Adult,8,9,14,5
Mature,6,6,5,3
Baby,0,1,2,0
Mature,9,9,0,5
Mature,10,7,3,5
Mature,0,8,4,5
Child,0,3,3,2
Mature,1,12,8,3
Mature,13,11,0,4
Mature,17,8,8,4
Adult,19,13,3,4
Adult,19,10,15,5
Child,2,6,2,2
Younger,1,5,1,3
Child,2,5,3,2
Adult,30,12,15,6
Younger,4,5,1,3
Baby,1,3,0,0
Mature,1,11,5,5
Baby,0,3,1,0
Child,1,6,2,2
Child,1,6,4,2
Child,2,5,4,0
Younger,5,7,4,2
Younger,1,5,6,3
Mature,12,11,6,3
Mature,15,9,1,3
Younger,2,8,6,3
Baby,0,2,2,0
Mature,16,10,6,3
Adult,12,11,4,6
Adult,20,11,5,5
Mature,14,6,8,5
Adult,3,14,8,6
Adult,2,11,8,4
Baby,0,1,2,1
Adult,17,13,10,6
Child,0,6,4,2
Mature,19,8,7,6
Younger,1,8,5,1
Baby,1,1,2,0
Mature,16,6,10,6
Mature,4,6,8,6
Adult,30,9,12,4
Younger,4,8,5,2
Adult,5,15,2,5
Mature,10,11,1,6
Mature,16,8,6,5
Mature,14,6,8,5
Mature,18,6,9,4
Younger,5,6,3,2
Mature,11,12,9,4
Baby,0,2,0,1
Baby,0,1,2,0
Child,3,6,3,0
Younger,5,5,2,3
Baby,0,2,1,1
Child,3,4,3,0
Child,1,5,4,1
Child,2,3,4,0
Adult,6,9,12,4
Baby,1,2,0,0
Baby,2,1,2,0
Baby,2,3,2,1
Younger,1,5,0,1
Baby,1,1,1,1
Baby,0,1,1,1
Child,1,4,4,0
Baby,0,3,0,1
Younger,3,5,0,3
Mature,15,11,4,5
Younger,1,8,0,2
Child,3,6,4,0
Younger,3,6,0,3
Adult,30,13,7,4
Younger,5,5,5,2
Mature,2,8,8,6
Child,3,3,2,1
Adult,18,14,2,4
Child,3,4,4,1
Mature,16,9,10,4
Adult,0,9,7,4
Adult,21,13,6,6
Baby,0,1,2,1
Mature,4,7,2,3
Mature,8,7,7,6
Mature,10,7,1,5
Baby,2,2,1,1
Baby,1,2,2,1
Mature,20,11,3,3
Baby,1,1,0,0
Adult,26,12,6,4
Child,1,4,4,0
Child,3,6,3,0
Baby,0,2,0,1
Mature,8,11,1,3
Adult,12,14,10,5
Baby,2,1,1,1
Child,0,5,3,0
Baby,2,1,0,0
Adult,28,12,5,5
Younger,3,8,5,2
Child,2,5,4,0
Baby,2,3,0,1
Younger,4,8,3,1
Baby,1,2,2,1
Child,0,4,2,1
Mature,8,9,6,3
Adult,22,15,14,6
Child,2,6,2,2
Younger,5,7,2,3
Younger,1,7,4,1
Baby,2,3,0,0
Mature,7,12,9,3
Adult,20,9,11,6
Baby,0,3,1,0
Younger,4,8,6,2
Younger,4,5,3,2
Mature,10,9,6,4
Baby,2,3,1,0
Baby,0,3,1,0
Younger,1,6,1,2
Mature,11,10,9,4
Mature,11,12,3,4
Adult,10,14,11,4
Younger,4,7,3,2
Mature,0,7,8,6
Child,3,6,4,1
Baby,1,2,2,0
Younger,5,7,0,3
Baby,1,2,0,1
Child,1,6,2,2
Adult,19,13,10,5
Child,3,5,4,2
Child,2,4,2,0
Child,1,3,2,1
Mature,2,8,7,5
Younger,4,7,6,1
Mature,18,9,7,4
Younger,3,8,2,2
Child,2,5,3,2
Child,2,6,4,0
Younger,5,6,0,2
Baby,1,3,2,0
Younger,2,6,1,2
Baby,0,2,1,0
Baby,2,2,2,0
Baby,2,3,2,1
Adult,26,14,13,5
Mature,16,8,0,3
Baby,1,3,1,0
Younger,1,5,4,2
Baby,0,2,2,1
Younger,1,8,6,3
Child,2,6,3,2
Mature,15,7,2,5
Child,0,4,3,1
Adult,1,12,13,4
Younger,2,8,2,3
Child,0,3,3,2
Mature,4,6,7,6
Younger,5,6,3,2
Child,2,4,2,0
Mature,9,9,2,4
Child,1,6,2,2
Adult,22,11,5,6
Baby,0,1,1,1
Child,2,4,2,1
Baby,0,2,2,0
Mature,16,7,1,6
Baby,2,2,2,1
Adult,14,11,13,4
Adult,20,15,9,6
Baby,1,3,1,0
Adult,30,15,9,4
Mature,14,12,2,4
Baby,1,3,2,0
Mature,13,6,5,6
Adult,25,11,14,5
Younger,3,7,1,3
Younger,5,6,3,2
Adult,15,12,15,6
Child,0,6,2,1
Child,0,3,4,2
Baby,1,2,0,0
Mature,13,8,4,3
Adult,6,9,4,4
Adult,0,9,10,6
Younger,3,6,4,1
Baby,0,1,2,0
Mature,8,12,2,3
Baby,2,2,2,0
Mature,8,7,10,3
Younger,1,7,3,3
Adult,3,12,3,5
Child,3,5,2,0
Child,1,5,4,2
Adult,0,9,15,4
Adult,25,14,15,5
Mature,10,7,6,3
Younger,0,6,5,3
Younger,2,7,6,1
Mature,7,9,0,6
Child,3,5,3,1
Mature,14,9,6,4
Child,3,3,2,1
Child,0,4,2,0
Mature,14,9,3,4
Baby,2,2,1,0
Adult,25,12,14,6
Adult,25,9,15,6
Younger,5,7,3,3
Child,2,4,3,1
Child,3,6,2,0
Baby,2,2,1,0
Younger,1,7,3,2
Baby,1,2,0,0
Baby,0,1,1,1
Baby,0,3,1,1
Mature,2,12,1,6
Younger,4,8,3,1
Baby,1,1,2,0
Younger,3,5,1,1
Younger,2,5,0,3
Child,2,4,3,2
Adult,1,10,12,4
Child,0,4,3,0
Mature,3,9,0,5
Mature,19,9,4,3
Younger,4,6,0,3
Younger,3,6,2,1
Child,3,5,2,2
Mature,20,12,7,5
Child,2,4,4,0
Mature,20,12,1,4
Younger,3,5,0,2
Mature,18,12,9,5
Mature,14,12,7,3
Baby,1,1,2,0
Adult,30,9,3,6
Mature,1,12,10,3
Child,0,6,3,2
Mature,19,10,7,6
Adult,14,11,11,6
Mature,12,8,5,3
Mature,12,6,10,5
Adult,0,8,11,4
Adult,28,14,3,4
Mature,3,7,10,5
Baby,1,1,1,1
Younger,5,5,4,1
Younger,4,8,2,1
Baby,2,2,1,1
Baby,1,3,0,0
Younger,2,6,0,2
Child,2,5,4,2
Mature,9,9,1,5
Mature,5,11,4,6
Mature,18,9,8,4
Adult,24,10,14,6
Baby,1,3,1,0
Younger,5,8,2,1
Younger,0,6,3,2
Adult,16,10,12,6
Mature,19,6,4,4
Mature,15,11,6,5
Younger,5,7,0,3
Adult,18,11,15,5
Mature,0,12,2,3
Younger,2,8,5,2
Child,1,6,2,2
Adult,7,10,14,4
Child,3,6,2,2
Baby,2,3,1,0
Baby,2,2,2,0
Baby,2,1,1,1
Baby,1,3,1,1
Younger,1,6,0,1
Younger,0,6,2,3
Baby,0,2,0,1
Child,0,5,4,2
Mature,10,7,3,6
Baby,2,1,0,0
Adult,8,15,15,4
Mature,2,11,5,4
Mature,11,12,2,3
Child,2,5,3,0
Baby,2,2,1,1
Mature,18,8,7,3
Mature,12,9,8,4
Child,2,6,2,1
Younger,1,6,6,3
Child,1,5,2,1
Younger,2,5,1,2
Baby,0,1,0,1
Adult,30,14,8,6
Child,3,6,2,0
Mature,14,6,8,3
Younger,4,6,2,3
Adult,25,9,11,5
Baby,0,3,1,0
Adult,29,8,3,5
Younger,0,7,4,1
Baby,1,3,0,1
Younger,1,6,4,2
Child,2,6,2,1
Younger,3,8,6,3
Child,1,3,3,1
Mature,3,12,2,4
Adult,26,11,3,6
Mature,14,11,4,3
Adult,2,11,9,6
Baby,1,3,0,0
Baby,1,3,0,0
Child,3,5,3,0
Mature,5,11,3,5
Mature,2,6,4,5
Mature,11,10,0,5
Baby,0,2,2,0
Adult,11,10,14,6
Baby,0,1,2,0
Child,0,3,2,2
Mature,19,9,4,6
Younger,3,6,3,1
Younger,0,7,3,3
Younger,2,6,6,2
Adult,29,8,6,4
Child,0,3,3,0
Adult,28,12,6,5
Younger,4,6,5,3
Younger,1,8,0,2
Mature,11,12,5,3
Younger,4,6,2,1
Baby,1,3,2,0
Younger,3,5,4,1
Mature,11,9,5,5
Child,2,3,2,1
Mature,17,9,1,3
Child,2,4,3,2
Younger,0,5,3,3
Mature,4,8,8,3
Baby,1,3,0,0
Baby,2,1,0,0
Younger,3,8,6,3
Mature,0,11,4,3
Younger,3,8,2,1
Younger,2,7,0,2
Adult,8,10,9,6
Adult,10,12,15,6
Child,0,5,3,2
Younger,2,5,3,1
Younger,4,8,3,2
Younger,2,8,4,2
Mature,12,9,3,5
Child,1,6,3,1
Adult,24,15,12,5
Adult,12,13,11,6
Mature,2,7,0,5
Adult,21,10,3,4
Younger,5,7,5,2
Child,3,4,3,1
Baby,2,1,2,1
Younger,1,8,3,2
Baby,2,2,1,1
Younger,2,7,4,1
Younger,2,5,2,3
Younger,2,7,6,3
Younger,0,7,3,1
Mature,19,7,2,6
Mature,14,9,9,5
Child,3,3,4,1
Child,0,5,3,1
Child,2,3,3,1
Mature,20,12,4,6
Younger,1,5,1,2
Baby,1,1,1,1
Younger,0,6,1,1
Adult,29,15,5,4
Younger,5,6,6,3
Baby,1,3,2,1
Baby,0,1,0,1
Mature,17,6,4,4
Mature,2,7,0,6
Younger,2,7,0,3
Adult,25,11,5,4
Younger,1,7,5,1
Mature,3,7,1,3
Adult,0,15,15,5
Mature,18,6,3,3
Child,3,4,3,0
Younger,2,8,2,3
Child,2,6,3,2
Baby,1,2,1,1
Baby,2,1,1,0
Baby,0,2,0,1
Child,1,5,4,0
Child,2,6,3,1
Adult,15,11,4,5
Baby,2,2,2,1
Adult,4,14,8,4
Baby,0,2,2,0
Younger,0,6,3,3
Mature,18,11,1,6
Younger,1,8,6,2
Younger,5,5,2,3
Child,2,5,2,0
Baby,1,2,0,0
Adult,2,8,11,6
Mature,16,8,9,5
Younger,3,6,4,2
Younger,2,5,3,2
Adult,17,9,6,6
Younger,5,5,4,1
Younger,3,8,4,1
Mature,11,8,8,4
Younger,4,8,4,3
Baby,0,1,0,0
Younger,3,5,6,3
Younger,4,6,3,1
Child,1,6,3,0
Child,3,6,4,0
Child,2,5,3,0
Mature,14,9,0,5
Baby,1,3,1,1
Baby,2,3,1,1
Baby,1,2,0,1
Child,3,5,2,0
Adult,1,12,12,4
Mature,17,9,0,5
Adult,10,12,4,5
Younger,4,7,2,2
Mature,14,7,0,5
Adult,0,14,8,6
Child,3,4,3,0
Mature,15,8,0,3
Adult,21,13,2,5
Younger,2,6,4,3
Younger,3,6,1,2
Child,3,5,4,1
Baby,0,1,0,0
Younger,1,6,1,3
Baby,2,3,1,0
Baby,0,3,1,1
Adult,17,13,15,4
Mature,16,7,5,6
Mature,1,12,6,4
Younger,0,5,4,2
Mature,15,8,0,4
Mature,10,6,2,6
Adult,1,12,10,4
Mature,11,8,8,3
Adult,19,8,12,6
Mature,10,9,10,3
Mature,16,9,6,6
Child,3,5,2,1
Child,1,6,3,0
Adult,9,12,5,6
Adult,26,9,15,6
Adult,17,10,12,4
Mature,17,12,5,3
Adult,7,8,11,4
Younger,0,7,0,1
Child,3,5,3,0
Younger,1,8,6,1
Child,0,4,2,2
Child,2,5,3,1
Child,0,6,4,1
Mature,18,10,3,6
Adult,24,11,15,4
Younger,4,5,4,2
Younger,1,5,0,1
Child,2,4,3,1
Child,2,6,4,0
Younger,5,5,1,1
Baby,2,1,1,1
Child,3,5,2,1
Adult,11,8,2,4
Baby,1,2,1,1
Younger,3,7,6,2
Younger,2,8,5,1
Younger,3,8,3,1
Adult,30,12,11,4
Baby,2,3,1,1
Younger,1,8,6,1
Mature,10,6,3,3
Baby,0,1,1,1
Younger,4,6,1,2
Child,0,6,3,0
Child,3,3,2,0
Younger,1,5,0,1
Baby,0,3,1,0
Child,2,6,4,0
Adult,16,15,7,5
Child,1,5,3,1
Adult,5,15,15,6
Mature,14,7,1,3
Baby,2,2,1,1
Mature,20,9,10,3
Adult,10,10,6,6
Baby,0,1,1,1
Younger,1,8,3,2
Mature,0,8,3,5
Younger,4,6,4,2
Younger,3,6,1,3
Adult,12,11,14,4
Adult,18,10,14,4
Adult,19,9,10,5
Adult,16,14,7,6
Adult,14,8,4,6
Child,1,4,2,2
Mature,1,10,7,6
Younger,3,5,3,2
Mature,7,6,1,5
Younger,1,8,1,2
Baby,1,2,0,0
Baby,2,3,2,0
Mature,19,9,4,6
Adult,12,13,14,6
Adult,21,8,14,6
Mature,18,12,9,3
Child,2,5,4,1
Younger,2,5,3,3
Adult,30,13,12,4
Younger,3,7,2,3
Mature,18,10,6,5
Baby,2,2,1,1
Child,1,4,4,1
Adult,8,8,13,6
Baby,1,3,1,1
Mature,15,10,6,3
Child,3,3,2,2
Mature,5,7,2,4
Adult,6,11,15,4
Mature,12,11,3,3
Mature,7,8,7,3
Younger,1,8,5,1
Mature,15,6,9,3
Mature,0,12,0,6
Child,2,6,2,2
Mature,8,8,3,6
Child,2,4,3,0
Adult,25,10,11,6
Baby,1,2,2,0
Younger,3,6,5,2
Baby,0,3,0,1
Adult,9,15,5,6
Baby,0,3,1,1
Baby,0,1,2,1
Adult,15,13,14,6
Younger,4,5,1,3
Adult,27,14,3,5
Adult,12,15,4,6
Baby,1,1,2,0
Adult,12,10,2,4
Younger,4,5,1,1
Child,0,4,4,0
Child,0,3,2,1
Younger,3,8,3,2
Mature,8,8,10,6
Baby,2,3,0,1
Baby,1,2,1,1
Adult,15,9,7,4
Baby,0,3,0,1
Baby,0,1,1,0
Child,0,4,4,2
Adult,20,13,14,4
Child,2,3,3,0
Adult,29,15,5,5
Younger,1,5,5,3
Baby,0,1,2,1
Baby,0,1,2,1
Baby,1,2,0,0
Mature,18,7,6,6
Adult,3,11,14,4
Child,1,5,2,2
Baby,2,3,1,1
Baby,1,3,2,0
Adult,9,9,14,6
Baby,0,1,2,1
Mature,11,6,5,6
Child,1,3,2,2
Baby,0,3,2,0
Mature,13,11,6,6
Mature,10,9,1,5
Adult,9,14,9,4
Adult,10,14,13,5
Baby,2,3,2,1
Child,0,4,2,2
Mature,7,11,7,6
Baby,1,3,2,1
Younger,2,6,0,3
Younger,3,6,6,1
Adult,30,8,9,4
Adult,16,9,12,4
Younger,3,6,5,3
Younger,1,5,1,2
Adult,21,10,3,4
Baby,2,3,0,0
Child,0,4,3,2
Adult,28,11,8,4
Adult,29,9,4,6
Adult,6,10,11,5
Child,2,5,3,0
Child,1,5,3,2
Mature,7,8,3,3
Child,3,6,4,1
Child,1,4,2,0
Baby,1,1,1,1
Baby,0,1,2,1
Baby,2,2,0,1
Younger,2,6,5,1
Baby,0,1,1,1
Child,2,4,4,2
Child,2,4,3,2
Baby,1,2,1,1
Mature,5,10,2,3
Child,3,5,4,2
Adult,12,12,15,4
Mature,17,12,1,5
Adult,5,10,12,6
Younger,2,6,0,1
Baby,0,3,1,0
Adult,4,14,13,5
Mature,16,11,10,4
Mature,16,10,1,4
Adult,18,8,8,5
Child,0,5,3,2
Younger,2,5,2,1
Younger,2,5,3,2
Adult,3,13,11,6
Mature,9,12,0,6
Adult,2,12,4,6
Adult,18,9,12,6
Baby,1,1,0,0
Younger,0,6,4,2
Mature,0,8,3,6
Baby,0,2,2,1
Younger,4,8,4,2
Child,0,5,3,1
Child,3,6,2,0
Baby,0,3,0,0
Mature,3,11,7,4
Adult,2,8,15,5
Mature,2,7,2,5
Child,1,4,4,0
Adult,10,14,7,5
Adult,4,13,5,6
Baby,0,3,0,0
Adult,1,8,8,6
Child,1,3,3,0
Mature,14,12,6,4
Adult,2,9,9,4
Baby,2,1,0,0
Adult,20,15,6,5
Younger,4,6,3,2
Child,3,5,4,1
Mature,18,9,3,5
Adult,6,12,11,4
Baby,1,3,2,1
Mature,8,12,1,5
Mature,12,11,5,5
Adult,1,15,5,5
Baby,0,2,2,1
Adult,29,10,10,6
Younger,4,8,0,3
Child,0,5,4,2
Baby,0,1,1,0
Child,2,3,4,1
Child,2,3,3,0
Adult,24,14,12,6
Adult,17,12,10,5
Adult,19,8,7,4
Child,0,6,4,0
Child,1,5,2,1
Younger,0,8,2,3
Mature,14,11,3,3
Baby,0,2,1,0
Baby,0,3,0,1
Baby,1,1,1,0
Mature,19,11,6,4
Baby,0,1,2,1
Child,2,5,3,0
Younger,0,6,0,2
Adult,28,12,3,6
Mature,9,12,5,4
Mature,14,9,1,6
Child,3,3,2,1
Child,1,4,4,2
Mature,7,9,9,4
Baby,2,2,2,1
Younger,3,5,4,3
Baby,1,1,0,1
Mature,12,8,0,6
Child,0,4,2,0
Younger,1,6,2,1
Mature,16,6,3,4
Child,0,5,3,1
Adult,22,10,4,4
Younger,5,5,3,3
Adult,2,12,5,5
Child,3,5,3,0
Baby,1,3,1,0
Younger,3,7,2,1
Younger,1,6,2,3
Younger,1,6,1,3
Younger,3,8,0,1
Mature,11,12,3,5
Child,2,5,3,2
Adult,16,12,3,6
Child,0,5,4,2
Baby,1,1,1,0
Adult,29,11,2,6
Child,2,3,4,1
Adult,26,12,11,6
Baby,1,1,0,0
Adult,12,14,10,4
Younger,0,5,5,1
Baby,0,2,2,1
Child,3,4,2,1
Mature,15,11,5,3
Baby,1,1,1,0
Baby,0,2,1,1
Adult,28,12,7,4
Adult,28,10,5,6
Adult,26,9,13,6
Adult,26,10,11,5
Adult,9,13,9,5
Mature,18,6,0,5
Child,2,4,4,0
Child,3,5,3,0
Child,2,4,3,2
Younger,2,7,1,3
Younger,3,8,0,3
Adult,19,13,15,6
Mature,5,9,10,6
Child,0,5,4,0
Younger,2,7,2,2
Younger,0,6,2,3
Adult,8,14,4,5
Younger,3,5,4,3
Child,3,5,3,0
Younger,4,8,6,1
Mature,11,6,2,4
Baby,0,2,0,1
Baby,2,2,1,1
Mature,14,7,4,5
Child,0,6,4,2
Baby,2,2,1,1
Younger,3,6,2,1
Adult,25,15,6,5
Younger,0,5,4,1
Mature,8,11,9,6
Mature,5,10,5,5
Child,0,6,2,0
Mature,13,10,10,5
Child,1,4,2,2
Younger,3,6,3,2
Child,3,5,2,2
Baby,2,2,0,1
Baby,1,1,2,0
Younger,2,5,2,3
Child,3,5,3,0
Younger,0,7,6,1
Mature,2,12,1,3
Adult,17,15,9,5
Younger,2,6,6,2
Baby,1,2,0,0
Baby,2,2,1,0
Mature,15,9,1,3
Baby,1,3,1,1
Adult,18,12,9,4
Baby,1,2,2,1
Adult,25,9,8,5
Younger,2,7,4,1
Child,1,5,3,0
Younger,4,7,3,1
Mature,13,10,8,3
Child,0,6,4,0
Child,2,3,2,1
Child,3,6,3,0
Younger,3,8,6,3
Adult,18,14,9,4
Child,1,6,2,1
Baby,2,1,1,0
Mature,12,10,5,5
Mature,7,6,0,6
Mature,9,6,7,6
Mature,5,12,7,6
Mature,1,8,1,6
Adult,20,9,14,6
Younger,3,6,1,3
Baby,1,2,2,1
Adult,26,11,7,4
Mature,13,9,1,4
Baby,0,3,0,1
Mature,20,11,10,5
Younger,5,7,4,2
Younger,1,7,1,3
Younger,4,5,4,1
Mature,1,12,1,6
Child,1,6,2,0
Baby,0,3,2,0
Younger,0,7,1,1
Baby,0,1,0,0
Mature,17,6,8,6
Mature,12,12,0,3
Baby,2,3,1,1
Mature,1,7,9,5
Adult,0,13,15,4
Child,2,6,3,0
Adult,8,10,9,4
Baby,1,1,2,1
Child,3,4,2,2
Adult,7,12,12,6
Adult,7,8,15,6
Younger,1,6,1,3
Younger,0,5,1,3
Younger,1,5,5,2
Baby,2,3,1,1
Adult,13,15,6,5
Mature,13,9,7,3
Child,2,4,3,1
Younger,5,8,0,1
Adult,26,12,12,5
Baby,0,1,2,1
Mature,15,7,8,3
Younger,5,5,1,3
Adult,18,13,13,6
Mature,5,9,1,6
Mature,2,11,8,3
Adult,8,15,6,6
Child,2,4,3,0
Mature,2,9,6,3
Mature,8,9,3,4
Mature,13,10,1,4
Baby,0,3,2,0
Baby,0,2,1,1
Younger,4,7,2,3
Younger,2,6,4,1
Baby,1,2,0,0
Child,1,5,2,2
Baby,2,3,0,0
Baby,2,1,2,1
Younger,0,6,5,2
